ANDHRA PRADESH^28|Adilabad^28532|Tamsi^2853204305
ANDHRA PRADESH^28|Adilabad^28532|Adilabad^2853204306
ANDHRA PRADESH^28|Adilabad^28532|Jainad^2853204307
ANDHRA PRADESH^28|Adilabad^28532|Bela^2853204308
ANDHRA PRADESH^28|Adilabad^28532|Talamadugu^2853204309
ANDHRA PRADESH^28|Adilabad^28532|Gudihathnoor^2853204310
ANDHRA PRADESH^28|Adilabad^28532|Inderavelly^2853204311
ANDHRA PRADESH^28|Adilabad^28532|Narnoor^2853204312
ANDHRA PRADESH^28|Adilabad^28532|Kerameri^2853204313
ANDHRA PRADESH^28|Adilabad^28532|Wankdi^2853204314
ANDHRA PRADESH^28|Adilabad^28532|Sirpur (T)^2853204315
ANDHRA PRADESH^28|Adilabad^28532|Kouthala^2853204316
ANDHRA PRADESH^28|Adilabad^28532|Bejjur^2853204317
ANDHRA PRADESH^28|Adilabad^28532|Kagaznagar^2853204318
ANDHRA PRADESH^28|Adilabad^28532|Asifabad^2853204319
ANDHRA PRADESH^28|Adilabad^28532|Jainoor^2853204320
ANDHRA PRADESH^28|Adilabad^28532|Utnoor^2853204321
ANDHRA PRADESH^28|Adilabad^28532|Ichoda^2853204322
ANDHRA PRADESH^28|Adilabad^28532|Bazarhathnoor^2853204323
ANDHRA PRADESH^28|Adilabad^28532|Boath^2853204324
ANDHRA PRADESH^28|Adilabad^28532|Neradigonda^2853204325
ANDHRA PRADESH^28|Adilabad^28532|Sirpur^2853204326
ANDHRA PRADESH^28|Adilabad^28532|Rebbana^2853204327
ANDHRA PRADESH^28|Adilabad^28532|Bhimini^2853204328
ANDHRA PRADESH^28|Adilabad^28532|Dahegaon^2853204329
ANDHRA PRADESH^28|Adilabad^28532|Vemanpalle^2853204330
ANDHRA PRADESH^28|Adilabad^28532|Nennal^2853204331
ANDHRA PRADESH^28|Adilabad^28532|Tandur^2853204332
ANDHRA PRADESH^28|Adilabad^28532|Tiryani^2853204333
ANDHRA PRADESH^28|Adilabad^28532|Jannaram^2853204334
ANDHRA PRADESH^28|Adilabad^28532|Kaddam (Peddur)^2853204335
ANDHRA PRADESH^28|Adilabad^28532|Sarangapur^2853204336
ANDHRA PRADESH^28|Adilabad^28532|Kuntala^2853204337
ANDHRA PRADESH^28|Adilabad^28532|Kubeer^2853204338
ANDHRA PRADESH^28|Adilabad^28532|Bhainsa^2853204339
ANDHRA PRADESH^28|Adilabad^28532|Tanoor^2853204340
ANDHRA PRADESH^28|Adilabad^28532|Mudhole^2853204341
ANDHRA PRADESH^28|Adilabad^28532|Lokeswaram^2853204342
ANDHRA PRADESH^28|Adilabad^28532|Dilawarpur^2853204343
ANDHRA PRADESH^28|Adilabad^28532|Nirmal^2853204344
ANDHRA PRADESH^28|Adilabad^28532|Laxmanchanda^2853204345
ANDHRA PRADESH^28|Adilabad^28532|Mamda^2853204346
ANDHRA PRADESH^28|Adilabad^28532|Khanapur^2853204347
ANDHRA PRADESH^28|Adilabad^28532|Dandepalle^2853204348
ANDHRA PRADESH^28|Adilabad^28532|Kasipet^2853204349
ANDHRA PRADESH^28|Adilabad^28532|Bellampalle^2853204350
ANDHRA PRADESH^28|Adilabad^28532|Kotapalle^2853204351
ANDHRA PRADESH^28|Adilabad^28532|Mandamarri^2853204352
ANDHRA PRADESH^28|Adilabad^28532|Luxettipet^2853204353
ANDHRA PRADESH^28|Adilabad^28532|Mancherial^2853204354
ANDHRA PRADESH^28|Adilabad^28532|Jaipur^2853204355
ANDHRA PRADESH^28|Adilabad^28532|Chennur^2853204356
ANDHRA PRADESH^28|Nizamabad^28533|Ranjal^2853304357
ANDHRA PRADESH^28|Nizamabad^28533|Navipet^2853304358
ANDHRA PRADESH^28|Nizamabad^28533|Nandipet^2853304359
ANDHRA PRADESH^28|Nizamabad^28533|Armur^2853304360
ANDHRA PRADESH^28|Nizamabad^28533|Balkonda^2853304361
ANDHRA PRADESH^28|Nizamabad^28533|Mortad^2853304362
ANDHRA PRADESH^28|Nizamabad^28533|Kammarpalle^2853304363
ANDHRA PRADESH^28|Nizamabad^28533|Bheemgal^2853304364
ANDHRA PRADESH^28|Nizamabad^28533|Velpur^2853304365
ANDHRA PRADESH^28|Nizamabad^28533|Jakranpalle^2853304366
ANDHRA PRADESH^28|Nizamabad^28533|Makloor^2853304367
ANDHRA PRADESH^28|Nizamabad^28533|Nizamabad^2853304368
ANDHRA PRADESH^28|Nizamabad^28533|Yedpalle^2853304369
ANDHRA PRADESH^28|Nizamabad^28533|Bodhan^2853304370
ANDHRA PRADESH^28|Nizamabad^28533|Kotgiri^2853304371
ANDHRA PRADESH^28|Nizamabad^28533|Madnoor^2853304372
ANDHRA PRADESH^28|Nizamabad^28533|Jukkal^2853304373
ANDHRA PRADESH^28|Nizamabad^28533|Bichkunda^2853304374
ANDHRA PRADESH^28|Nizamabad^28533|Birkoor^2853304375
ANDHRA PRADESH^28|Nizamabad^28533|Varni^2853304376
ANDHRA PRADESH^28|Nizamabad^28533|Dichpalle^2853304377
ANDHRA PRADESH^28|Nizamabad^28533|Dharpalle^2853304378
ANDHRA PRADESH^28|Nizamabad^28533|Sirkonda^2853304379
ANDHRA PRADESH^28|Nizamabad^28533|Machareddy^2853304380
ANDHRA PRADESH^28|Nizamabad^28533|Sadasivanagar^2853304381
ANDHRA PRADESH^28|Nizamabad^28533|Gandhari^2853304382
ANDHRA PRADESH^28|Nizamabad^28533|Banswada^2853304383
ANDHRA PRADESH^28|Nizamabad^28533|Pitlam^2853304384
ANDHRA PRADESH^28|Nizamabad^28533|Nizamsagar^2853304385
ANDHRA PRADESH^28|Nizamabad^28533|Yellareddy^2853304386
ANDHRA PRADESH^28|Nizamabad^28533|Nagareddipet^2853304387
ANDHRA PRADESH^28|Nizamabad^28533|Lingampet^2853304388
ANDHRA PRADESH^28|Nizamabad^28533|Tadwai^2853304389
ANDHRA PRADESH^28|Nizamabad^28533|Kamareddy^2853304390
ANDHRA PRADESH^28|Nizamabad^28533|Bhiknoor^2853304391
ANDHRA PRADESH^28|Nizamabad^28533|Domakonda^2853304392
ANDHRA PRADESH^28|Karimnagar^28534|Ibrahimpatnam^2853404393
ANDHRA PRADESH^28|Karimnagar^28534|Mallapur^2853404394
ANDHRA PRADESH^28|Karimnagar^28534|Raikal^2853404395
ANDHRA PRADESH^28|Karimnagar^28534|Sarangapur^2853404396
ANDHRA PRADESH^28|Karimnagar^28534|Dharmapuri^2853404397
ANDHRA PRADESH^28|Karimnagar^28534|Velgatoor^2853404398
ANDHRA PRADESH^28|Karimnagar^28534|Ramagundam^2853404399
ANDHRA PRADESH^28|Karimnagar^28534|Kamanpur^2853404400
ANDHRA PRADESH^28|Karimnagar^28534|Manthani^2853404401
ANDHRA PRADESH^28|Karimnagar^28534|Kataram^2853404402
ANDHRA PRADESH^28|Karimnagar^28534|Mahadevpur^2853404403
ANDHRA PRADESH^28|Karimnagar^28534|Mutharam (Mahadevpur)^2853404404
ANDHRA PRADESH^28|Karimnagar^28534|Malharrao^2853404405
ANDHRA PRADESH^28|Karimnagar^28534|Mutharam (Manthani)^2853404406
ANDHRA PRADESH^28|Karimnagar^28534|Srirampur^2853404407
ANDHRA PRADESH^28|Karimnagar^28534|Peddapalle^2853404408
ANDHRA PRADESH^28|Karimnagar^28534|Julapalle^2853404409
ANDHRA PRADESH^28|Karimnagar^28534|Elgaid^2853404410
ANDHRA PRADESH^28|Karimnagar^28534|Dharmaram^2853404411
ANDHRA PRADESH^28|Karimnagar^28534|Gollapalle^2853404412
ANDHRA PRADESH^28|Karimnagar^28534|Mallial^2853404413
ANDHRA PRADESH^28|Karimnagar^28534|Jagtial^2853404414
ANDHRA PRADESH^28|Karimnagar^28534|Medipalle^2853404415
ANDHRA PRADESH^28|Karimnagar^28534|Koratla^2853404416
ANDHRA PRADESH^28|Karimnagar^28534|Metpalle^2853404417
ANDHRA PRADESH^28|Karimnagar^28534|Kathlapur^2853404418
ANDHRA PRADESH^28|Karimnagar^28534|Chandurthi^2853404419
ANDHRA PRADESH^28|Karimnagar^28534|Kodimial^2853404420
ANDHRA PRADESH^28|Karimnagar^28534|Pegadapalle^2853404421
ANDHRA PRADESH^28|Karimnagar^28534|Gangadhara^2853404422
ANDHRA PRADESH^28|Karimnagar^28534|Ramadugu^2853404423
ANDHRA PRADESH^28|Karimnagar^28534|Choppadandi^2853404424
ANDHRA PRADESH^28|Karimnagar^28534|Sultanabad^2853404425
ANDHRA PRADESH^28|Karimnagar^28534|Odela^2853404426
ANDHRA PRADESH^28|Karimnagar^28534|Manakondur^2853404427
ANDHRA PRADESH^28|Karimnagar^28534|Karimnagar^2853404428
ANDHRA PRADESH^28|Karimnagar^28534|Boinpalle^2853404429
ANDHRA PRADESH^28|Karimnagar^28534|Vemulawada^2853404430
ANDHRA PRADESH^28|Karimnagar^28534|Konaraopeta^2853404431
ANDHRA PRADESH^28|Karimnagar^28534|Yellareddipet^2853404432
ANDHRA PRADESH^28|Karimnagar^28534|Gambhiraopet^2853404433
ANDHRA PRADESH^28|Karimnagar^28534|Mustabad^2853404434
ANDHRA PRADESH^28|Karimnagar^28534|Sircilla^2853404435
ANDHRA PRADESH^28|Karimnagar^28534|Ellanthakunta^2853404436
ANDHRA PRADESH^28|Karimnagar^28534|Bejjanki^2853404437
ANDHRA PRADESH^28|Karimnagar^28534|Timmapur (LMD Colony)^2853404438
ANDHRA PRADESH^28|Karimnagar^28534|Veenavanka^2853404439
ANDHRA PRADESH^28|Karimnagar^28534|Jammikunta^2853404440
ANDHRA PRADESH^28|Karimnagar^28534|Shankarapatnam^2853404441
ANDHRA PRADESH^28|Karimnagar^28534|Chigurumamidi^2853404442
ANDHRA PRADESH^28|Karimnagar^28534|Koheda^2853404443
ANDHRA PRADESH^28|Karimnagar^28534|Husnabad^2853404444
ANDHRA PRADESH^28|Karimnagar^28534|Saidapur^2853404445
ANDHRA PRADESH^28|Karimnagar^28534|Huzurabad^2853404446
ANDHRA PRADESH^28|Karimnagar^28534|Kamalapur^2853404447
ANDHRA PRADESH^28|Karimnagar^28534|Bheemadevarpalle^2853404448
ANDHRA PRADESH^28|Karimnagar^28534|Elkathurthi^2853404449
ANDHRA PRADESH^28|Medak^28535|Kangti^2853504450
ANDHRA PRADESH^28|Medak^28535|Manoor^2853504451
ANDHRA PRADESH^28|Medak^28535|Narayankhed^2853504452
ANDHRA PRADESH^28|Medak^28535|Kalher^2853504453
ANDHRA PRADESH^28|Medak^28535|Shankarampet (A)^2853504454
ANDHRA PRADESH^28|Medak^28535|Papannapet^2853504455
ANDHRA PRADESH^28|Medak^28535|Medak^2853504456
ANDHRA PRADESH^28|Medak^28535|Ramayampet^2853504457
ANDHRA PRADESH^28|Medak^28535|Dubbak^2853504458
ANDHRA PRADESH^28|Medak^28535|Siddipet^2853504459
ANDHRA PRADESH^28|Medak^28535|Chinnakodur^2853504460
ANDHRA PRADESH^28|Medak^28535|Nangnoor^2853504461
ANDHRA PRADESH^28|Medak^28535|Kondapak^2853504462
ANDHRA PRADESH^28|Medak^28535|Thoguta^2853504463
ANDHRA PRADESH^28|Medak^28535|Mirdoddi^2853504464
ANDHRA PRADESH^28|Medak^28535|Doultabad^2853504465
ANDHRA PRADESH^28|Medak^28535|Chegunta^2853504466
ANDHRA PRADESH^28|Medak^28535|Shankarampet (R)^2853504467
ANDHRA PRADESH^28|Medak^28535|Kulcharam^2853504468
ANDHRA PRADESH^28|Medak^28535|Tekmal^2853504469
ANDHRA PRADESH^28|Medak^28535|Alladurg^2853504470
ANDHRA PRADESH^28|Medak^28535|Regode^2853504471
ANDHRA PRADESH^28|Medak^28535|Raikode^2853504472
ANDHRA PRADESH^28|Medak^28535|Nyalkal^2853504473
ANDHRA PRADESH^28|Medak^28535|Zahirabad^2853504474
ANDHRA PRADESH^28|Medak^28535|Kohir^2853504475
ANDHRA PRADESH^28|Medak^28535|Jharasangam^2853504476
ANDHRA PRADESH^28|Medak^28535|Munpalle^2853504477
ANDHRA PRADESH^28|Medak^28535|Pulkal^2853504478
ANDHRA PRADESH^28|Medak^28535|Andole^2853504479
ANDHRA PRADESH^28|Medak^28535|Kowdipalle^2853504480
ANDHRA PRADESH^28|Medak^28535|Yeldurthy^2853504481
ANDHRA PRADESH^28|Medak^28535|Tupran^2853504482
ANDHRA PRADESH^28|Medak^28535|Gajwel^2853504483
ANDHRA PRADESH^28|Medak^28535|Jagdevpur^2853504484
ANDHRA PRADESH^28|Medak^28535|Wargal^2853504485
ANDHRA PRADESH^28|Medak^28535|Mulug^2853504486
ANDHRA PRADESH^28|Medak^28535|Shivampet^2853504487
ANDHRA PRADESH^28|Medak^28535|Narsapur^2853504488
ANDHRA PRADESH^28|Medak^28535|Hathnoora^2853504489
ANDHRA PRADESH^28|Medak^28535|Sadasivpet^2853504490
ANDHRA PRADESH^28|Medak^28535|Kondapur^2853504491
ANDHRA PRADESH^28|Medak^28535|Sangareddy^2853504492
ANDHRA PRADESH^28|Medak^28535|Jinnaram^2853504493
ANDHRA PRADESH^28|Medak^28535|Patancheru^2853504494
ANDHRA PRADESH^28|Medak^28535|Ramachandrapuram^2853504495
ANDHRA PRADESH^28|Hyderabad^28536|Shaikpet^2853604496
ANDHRA PRADESH^28|Hyderabad^28536|Ameerpet^2853604497
ANDHRA PRADESH^28|Hyderabad^28536|Secunderabad^2853604498
ANDHRA PRADESH^28|Hyderabad^28536|Tirumalagiri^2853604499
ANDHRA PRADESH^28|Hyderabad^28536|Maredpalle^2853604500
ANDHRA PRADESH^28|Hyderabad^28536|Musheerabad^2853604501
ANDHRA PRADESH^28|Hyderabad^28536|Amberpet^2853604502
ANDHRA PRADESH^28|Hyderabad^28536|Himayathnagar^2853604503
ANDHRA PRADESH^28|Hyderabad^28536|Nampally^2853604504
ANDHRA PRADESH^28|Hyderabad^28536|Khairatabad^2853604505
ANDHRA PRADESH^28|Hyderabad^28536|Asifnagar^2853604506
ANDHRA PRADESH^28|Hyderabad^28536|Golconda^2853604507
ANDHRA PRADESH^28|Hyderabad^28536|Bahadurpura^2853604508
ANDHRA PRADESH^28|Hyderabad^28536|Bandlaguda^2853604509
ANDHRA PRADESH^28|Hyderabad^28536|Charminar^2853604510
ANDHRA PRADESH^28|Hyderabad^28536|Saidabad^2853604511
ANDHRA PRADESH^28|Rangareddy^28537|Marpalle^2853704512
ANDHRA PRADESH^28|Rangareddy^28537|Mominpet^2853704513
ANDHRA PRADESH^28|Rangareddy^28537|Nawabpet^2853704514
ANDHRA PRADESH^28|Rangareddy^28537|Shankarpalle^2853704515
ANDHRA PRADESH^28|Rangareddy^28537|Serilingampally^2853704516
ANDHRA PRADESH^28|Rangareddy^28537|Balanagar^2853704517
ANDHRA PRADESH^28|Rangareddy^28537|Qutubullapur^2853704518
ANDHRA PRADESH^28|Rangareddy^28537|Medchal^2853704519
ANDHRA PRADESH^28|Rangareddy^28537|Shamirpet^2853704520
ANDHRA PRADESH^28|Rangareddy^28537|Malkajgiri^2853704521
ANDHRA PRADESH^28|Rangareddy^28537|Keesara^2853704522
ANDHRA PRADESH^28|Rangareddy^28537|Ghatkesar^2853704523
ANDHRA PRADESH^28|Rangareddy^28537|Uppal^2853704524
ANDHRA PRADESH^28|Rangareddy^28537|Hayathnagar^2853704525
ANDHRA PRADESH^28|Rangareddy^28537|Saroornagar^2853704526
ANDHRA PRADESH^28|Rangareddy^28537|Rajendranagar^2853704527
ANDHRA PRADESH^28|Rangareddy^28537|Moinabad^2853704528
ANDHRA PRADESH^28|Rangareddy^28537|Chevella^2853704529
ANDHRA PRADESH^28|Rangareddy^28537|Vicarabad^2853704530
ANDHRA PRADESH^28|Rangareddy^28537|Dharur^2853704531
ANDHRA PRADESH^28|Rangareddy^28537|Bantwaram^2853704532
ANDHRA PRADESH^28|Rangareddy^28537|Peddemul^2853704533
ANDHRA PRADESH^28|Rangareddy^28537|Tandur^2853704534
ANDHRA PRADESH^28|Rangareddy^28537|Basheerabad^2853704535
ANDHRA PRADESH^28|Rangareddy^28537|Yelal^2853704536
ANDHRA PRADESH^28|Rangareddy^28537|Doma^2853704537
ANDHRA PRADESH^28|Rangareddy^28537|Gandeed^2853704538
ANDHRA PRADESH^28|Rangareddy^28537|Kulkacharla^2853704539
ANDHRA PRADESH^28|Rangareddy^28537|Pargi^2853704540
ANDHRA PRADESH^28|Rangareddy^28537|Pudur^2853704541
ANDHRA PRADESH^28|Rangareddy^28537|Shabad^2853704542
ANDHRA PRADESH^28|Rangareddy^28537|Shamshabad^2853704543
ANDHRA PRADESH^28|Rangareddy^28537|Maheswaram^2853704544
ANDHRA PRADESH^28|Rangareddy^28537|Kandukur^2853704545
ANDHRA PRADESH^28|Rangareddy^28537|Ibrahimpatnam^2853704546
ANDHRA PRADESH^28|Rangareddy^28537|Manchal^2853704547
ANDHRA PRADESH^28|Rangareddy^28537|Yacharam^2853704548
ANDHRA PRADESH^28|Mahbubnagar^28538|Kodangal^2853804549
ANDHRA PRADESH^28|Mahbubnagar^28538|Bomraspet^2853804550
ANDHRA PRADESH^28|Mahbubnagar^28538|Kosgi^2853804551
ANDHRA PRADESH^28|Mahbubnagar^28538|Doulathabad^2853804552
ANDHRA PRADESH^28|Mahbubnagar^28538|Damaragidda^2853804553
ANDHRA PRADESH^28|Mahbubnagar^28538|Maddur^2853804554
ANDHRA PRADESH^28|Mahbubnagar^28538|Hanwada^2853804555
ANDHRA PRADESH^28|Mahbubnagar^28538|Nawabpet^2853804556
ANDHRA PRADESH^28|Mahbubnagar^28538|Balanagar^2853804557
ANDHRA PRADESH^28|Mahbubnagar^28538|Kondurg^2853804558
ANDHRA PRADESH^28|Mahbubnagar^28538|Farooqnagar^2853804559
ANDHRA PRADESH^28|Mahbubnagar^28538|Kothur^2853804560
ANDHRA PRADESH^28|Mahbubnagar^28538|Keshampet^2853804561
ANDHRA PRADESH^28|Mahbubnagar^28538|Talakondapalle^2853804562
ANDHRA PRADESH^28|Mahbubnagar^28538|Amangal^2853804563
ANDHRA PRADESH^28|Mahbubnagar^28538|Madgul^2853804564
ANDHRA PRADESH^28|Mahbubnagar^28538|Veldanda^2853804565
ANDHRA PRADESH^28|Mahbubnagar^28538|Midjil^2853804566
ANDHRA PRADESH^28|Mahbubnagar^28538|Jadcherla^2853804567
ANDHRA PRADESH^28|Mahbubnagar^28538|Mahbubnagar^2853804568
ANDHRA PRADESH^28|Mahbubnagar^28538|Koilkonda^2853804569
ANDHRA PRADESH^28|Mahbubnagar^28538|Narayanpet^2853804570
ANDHRA PRADESH^28|Mahbubnagar^28538|Utkoor^2853804571
ANDHRA PRADESH^28|Mahbubnagar^28538|Dhanwada^2853804572
ANDHRA PRADESH^28|Mahbubnagar^28538|Devarkadra^2853804573
ANDHRA PRADESH^28|Mahbubnagar^28538|Bhoothpur^2853804574
ANDHRA PRADESH^28|Mahbubnagar^28538|Thimmajipet^2853804575
ANDHRA PRADESH^28|Mahbubnagar^28538|Kalwakurthy^2853804576
ANDHRA PRADESH^28|Mahbubnagar^28538|Vangoor^2853804577
ANDHRA PRADESH^28|Mahbubnagar^28538|Amrabad^2853804578
ANDHRA PRADESH^28|Mahbubnagar^28538|Achampet^2853804579
ANDHRA PRADESH^28|Mahbubnagar^28538|Uppununthala^2853804580
ANDHRA PRADESH^28|Mahbubnagar^28538|Telkapalle^2853804581
ANDHRA PRADESH^28|Mahbubnagar^28538|Tadoor^2853804582
ANDHRA PRADESH^28|Mahbubnagar^28538|Nagarkurnool^2853804583
ANDHRA PRADESH^28|Mahbubnagar^28538|Bijinapalle^2853804584
ANDHRA PRADESH^28|Mahbubnagar^28538|Ghanpur^2853804585
ANDHRA PRADESH^28|Mahbubnagar^28538|Addakal^2853804586
ANDHRA PRADESH^28|Mahbubnagar^28538|Chinnachintakunta^2853804587
ANDHRA PRADESH^28|Mahbubnagar^28538|Narva^2853804588
ANDHRA PRADESH^28|Mahbubnagar^28538|Makthal^2853804589
ANDHRA PRADESH^28|Mahbubnagar^28538|Maganoor^2853804590
ANDHRA PRADESH^28|Mahbubnagar^28538|Dharur^2853804591
ANDHRA PRADESH^28|Mahbubnagar^28538|Atmakur^2853804592
ANDHRA PRADESH^28|Mahbubnagar^28538|Kothakota^2853804593
ANDHRA PRADESH^28|Mahbubnagar^28538|Peddamandadi^2853804594
ANDHRA PRADESH^28|Mahbubnagar^28538|Wanaparthy^2853804595
ANDHRA PRADESH^28|Mahbubnagar^28538|Gopalpeta^2853804596
ANDHRA PRADESH^28|Mahbubnagar^28538|Balmoor^2853804597
ANDHRA PRADESH^28|Mahbubnagar^28538|Lingal^2853804598
ANDHRA PRADESH^28|Mahbubnagar^28538|Peddakothapalle^2853804599
ANDHRA PRADESH^28|Mahbubnagar^28538|Kodair^2853804600
ANDHRA PRADESH^28|Mahbubnagar^28538|Pangal^2853804601
ANDHRA PRADESH^28|Mahbubnagar^28538|Pebbair^2853804602
ANDHRA PRADESH^28|Mahbubnagar^28538|Gadwal^2853804603
ANDHRA PRADESH^28|Mahbubnagar^28538|Maldakal^2853804604
ANDHRA PRADESH^28|Mahbubnagar^28538|Ghattu^2853804605
ANDHRA PRADESH^28|Mahbubnagar^28538|Ieej^2853804606
ANDHRA PRADESH^28|Mahbubnagar^28538|Itikyal^2853804607
ANDHRA PRADESH^28|Mahbubnagar^28538|Veepangandla^2853804608
ANDHRA PRADESH^28|Mahbubnagar^28538|Kollapur^2853804609
ANDHRA PRADESH^28|Mahbubnagar^28538|Waddepalle^2853804610
ANDHRA PRADESH^28|Mahbubnagar^28538|Manopad^2853804611
ANDHRA PRADESH^28|Mahbubnagar^28538|Alampur^2853804612
ANDHRA PRADESH^28|Nalgonda^28539|Bommalaramaram^2853904613
ANDHRA PRADESH^28|Nalgonda^28539|M.Turkapalle^2853904614
ANDHRA PRADESH^28|Nalgonda^28539|Rajapet^2853904615
ANDHRA PRADESH^28|Nalgonda^28539|Yadagirigutta^2853904616
ANDHRA PRADESH^28|Nalgonda^28539|Alair^2853904617
ANDHRA PRADESH^28|Nalgonda^28539|Gundala^2853904618
ANDHRA PRADESH^28|Nalgonda^28539|Thirumalgiri^2853904619
ANDHRA PRADESH^28|Nalgonda^28539|Thungathurthi^2853904620
ANDHRA PRADESH^28|Nalgonda^28539|Nuthankal^2853904621
ANDHRA PRADESH^28|Nalgonda^28539|Atmakur (S)^2853904622
ANDHRA PRADESH^28|Nalgonda^28539|Jaji Reddi Gudem^2853904623
ANDHRA PRADESH^28|Nalgonda^28539|Sali Gouraram^2853904624
ANDHRA PRADESH^28|Nalgonda^28539|Mothkur^2853904625
ANDHRA PRADESH^28|Nalgonda^28539|Atmakur (M)^2853904626
ANDHRA PRADESH^28|Nalgonda^28539|Valigonda^2853904627
ANDHRA PRADESH^28|Nalgonda^28539|Bhongir^2853904628
ANDHRA PRADESH^28|Nalgonda^28539|Bibinagar^2853904629
ANDHRA PRADESH^28|Nalgonda^28539|Pochampalle^2853904630
ANDHRA PRADESH^28|Nalgonda^28539|Choutuppal^2853904631
ANDHRA PRADESH^28|Nalgonda^28539|Ramannapeta^2853904632
ANDHRA PRADESH^28|Nalgonda^28539|Chityala^2853904633
ANDHRA PRADESH^28|Nalgonda^28539|Narketpalle^2853904634
ANDHRA PRADESH^28|Nalgonda^28539|Kattangoor^2853904635
ANDHRA PRADESH^28|Nalgonda^28539|Nakrekal^2853904636
ANDHRA PRADESH^28|Nalgonda^28539|Kethe Palle^2853904637
ANDHRA PRADESH^28|Nalgonda^28539|Suryapet^2853904638
ANDHRA PRADESH^28|Nalgonda^28539|Chivvemla^2853904639
ANDHRA PRADESH^28|Nalgonda^28539|Mothey^2853904640
ANDHRA PRADESH^28|Nalgonda^28539|Nadigudem^2853904641
ANDHRA PRADESH^28|Nalgonda^28539|Munagala^2853904642
ANDHRA PRADESH^28|Nalgonda^28539|Penpahad^2853904643
ANDHRA PRADESH^28|Nalgonda^28539|Vemulapalle^2853904644
ANDHRA PRADESH^28|Nalgonda^28539|Thipparthi^2853904645
ANDHRA PRADESH^28|Nalgonda^28539|Nalgonda^2853904646
ANDHRA PRADESH^28|Nalgonda^28539|Munugode^2853904647
ANDHRA PRADESH^28|Nalgonda^28539|Narayanapur^2853904648
ANDHRA PRADESH^28|Nalgonda^28539|Marriguda^2853904649
ANDHRA PRADESH^28|Nalgonda^28539|Chintha Palle^2853904650
ANDHRA PRADESH^28|Nalgonda^28539|Gundla Palle^2853904651
ANDHRA PRADESH^28|Nalgonda^28539|Chandam Pet^2853904652
ANDHRA PRADESH^28|Nalgonda^28539|Devarakonda^2853904653
ANDHRA PRADESH^28|Nalgonda^28539|Nampalle^2853904654
ANDHRA PRADESH^28|Nalgonda^28539|Chandur^2853904655
ANDHRA PRADESH^28|Nalgonda^28539|Kangal^2853904656
ANDHRA PRADESH^28|Nalgonda^28539|Gurrampode^2853904657
ANDHRA PRADESH^28|Nalgonda^28539|Pedda Adiserla Palle^2853904658
ANDHRA PRADESH^28|Nalgonda^28539|Peddavoora^2853904659
ANDHRA PRADESH^28|Nalgonda^28539|Anumula^2853904660
ANDHRA PRADESH^28|Nalgonda^28539|Nidamanur^2853904661
ANDHRA PRADESH^28|Nalgonda^28539|Thripuraram^2853904662
ANDHRA PRADESH^28|Nalgonda^28539|Dameracherla^2853904663
ANDHRA PRADESH^28|Nalgonda^28539|Miryalaguda^2853904664
ANDHRA PRADESH^28|Nalgonda^28539|Neredcherla^2853904665
ANDHRA PRADESH^28|Nalgonda^28539|Garide Palle^2853904666
ANDHRA PRADESH^28|Nalgonda^28539|Chilkur^2853904667
ANDHRA PRADESH^28|Nalgonda^28539|Kodad^2853904668
ANDHRA PRADESH^28|Nalgonda^28539|Huzurnagar^2853904669
ANDHRA PRADESH^28|Nalgonda^28539|Mattam Palle^2853904670
ANDHRA PRADESH^28|Nalgonda^28539|Mella Cheruvu^2853904671
ANDHRA PRADESH^28|Warangal^28540|Cherial^2854004672
ANDHRA PRADESH^28|Warangal^28540|Maddur^2854004673
ANDHRA PRADESH^28|Warangal^28540|Bachannapet^2854004674
ANDHRA PRADESH^28|Warangal^28540|Narmetta^2854004675
ANDHRA PRADESH^28|Warangal^28540|Ghanpur (Station)^2854004676
ANDHRA PRADESH^28|Warangal^28540|Dharmasagar^2854004677
ANDHRA PRADESH^28|Warangal^28540|Hasanparthy^2854004678
ANDHRA PRADESH^28|Warangal^28540|Parkal^2854004679
ANDHRA PRADESH^28|Warangal^28540|Mogullapalle^2854004680
ANDHRA PRADESH^28|Warangal^28540|Chityal^2854004681
ANDHRA PRADESH^28|Warangal^28540|Bhupalpalle^2854004682
ANDHRA PRADESH^28|Warangal^28540|Ghanpur (Mulug)^2854004683
ANDHRA PRADESH^28|Warangal^28540|Venkatapur^2854004684
ANDHRA PRADESH^28|Warangal^28540|Eturnagaram^2854004685
ANDHRA PRADESH^28|Warangal^28540|Mangapet^2854004686
ANDHRA PRADESH^28|Warangal^28540|Tadvai^2854004687
ANDHRA PRADESH^28|Warangal^28540|Govindaraopet^2854004688
ANDHRA PRADESH^28|Warangal^28540|Mulug^2854004689
ANDHRA PRADESH^28|Warangal^28540|Regonda^2854004690
ANDHRA PRADESH^28|Warangal^28540|Shayampet^2854004691
ANDHRA PRADESH^28|Warangal^28540|Nallabelly^2854004692
ANDHRA PRADESH^28|Warangal^28540|Duggondi^2854004693
ANDHRA PRADESH^28|Warangal^28540|Atmakur^2854004694
ANDHRA PRADESH^28|Warangal^28540|Hanamkonda^2854004695
ANDHRA PRADESH^28|Warangal^28540|Zaffergadh^2854004696
ANDHRA PRADESH^28|Warangal^28540|Palakurthi^2854004697
ANDHRA PRADESH^28|Warangal^28540|Raghunathpalle^2854004698
ANDHRA PRADESH^28|Warangal^28540|Jangaon^2854004699
ANDHRA PRADESH^28|Warangal^28540|Lingalaghanpur^2854004700
ANDHRA PRADESH^28|Warangal^28540|Devaruppula^2854004701
ANDHRA PRADESH^28|Warangal^28540|Kodakandla^2854004702
ANDHRA PRADESH^28|Warangal^28540|Raiparthy^2854004703
ANDHRA PRADESH^28|Warangal^28540|Wardhannapet^2854004704
ANDHRA PRADESH^28|Warangal^28540|Sangam^2854004705
ANDHRA PRADESH^28|Warangal^28540|Warangal^2854004706
ANDHRA PRADESH^28|Warangal^28540|Geesugonda^2854004707
ANDHRA PRADESH^28|Warangal^28540|Narsampet^2854004708
ANDHRA PRADESH^28|Warangal^28540|Khanapur^2854004709
ANDHRA PRADESH^28|Warangal^28540|Kothagudem^2854004710
ANDHRA PRADESH^28|Warangal^28540|Gudur^2854004711
ANDHRA PRADESH^28|Warangal^28540|Chennaraopet^2854004712
ANDHRA PRADESH^28|Warangal^28540|Nekkonda^2854004713
ANDHRA PRADESH^28|Warangal^28540|Parvathagiri^2854004714
ANDHRA PRADESH^28|Warangal^28540|Thorrur^2854004715
ANDHRA PRADESH^28|Warangal^28540|Nellikudur^2854004716
ANDHRA PRADESH^28|Warangal^28540|Kesamudram^2854004717
ANDHRA PRADESH^28|Warangal^28540|Mahabubabad^2854004718
ANDHRA PRADESH^28|Warangal^28540|Narsimhulapet^2854004719
ANDHRA PRADESH^28|Warangal^28540|Maripeda^2854004720
ANDHRA PRADESH^28|Warangal^28540|Kuravi^2854004721
ANDHRA PRADESH^28|Warangal^28540|Dornakal^2854004722
ANDHRA PRADESH^28|Khammam^28541|Wazeed^2854104723
ANDHRA PRADESH^28|Khammam^28541|Venkatapuram^2854104724
ANDHRA PRADESH^28|Khammam^28541|Pinapaka^2854104725
ANDHRA PRADESH^28|Khammam^28541|Cherla^2854104726
ANDHRA PRADESH^28|Khammam^28541|Manuguru^2854104727
ANDHRA PRADESH^28|Khammam^28541|Aswapuram^2854104728
ANDHRA PRADESH^28|Khammam^28541|Dummugudem^2854104729
ANDHRA PRADESH^28|Khammam^28541|Bhadrachalam^2854104730
ANDHRA PRADESH^28|Khammam^28541|Kunavaram^2854104731
ANDHRA PRADESH^28|Khammam^28541|Chintur^2854104732
ANDHRA PRADESH^28|Khammam^28541|Vararamachandrapuram^2854104733
ANDHRA PRADESH^28|Khammam^28541|Velairpadu^2854104734
ANDHRA PRADESH^28|Khammam^28541|Kukunoor^2854104735
ANDHRA PRADESH^28|Khammam^28541|Burgampahad^2854104736
ANDHRA PRADESH^28|Khammam^28541|Palwancha^2854104737
ANDHRA PRADESH^28|Khammam^28541|Kothagudem^2854104738
ANDHRA PRADESH^28|Khammam^28541|Tekulapalle^2854104739
ANDHRA PRADESH^28|Khammam^28541|Yellandu^2854104740
ANDHRA PRADESH^28|Khammam^28541|Gundala^2854104741
ANDHRA PRADESH^28|Khammam^28541|Bayyaram^2854104742
ANDHRA PRADESH^28|Khammam^28541|Garla^2854104743
ANDHRA PRADESH^28|Khammam^28541|Singareni^2854104744
ANDHRA PRADESH^28|Khammam^28541|Kamepalle^2854104745
ANDHRA PRADESH^28|Khammam^28541|Julurpad^2854104746
ANDHRA PRADESH^28|Khammam^28541|Chandrugonda^2854104747
ANDHRA PRADESH^28|Khammam^28541|Mulkalapalle^2854104748
ANDHRA PRADESH^28|Khammam^28541|Aswaraopeta^2854104749
ANDHRA PRADESH^28|Khammam^28541|Dammapeta^2854104750
ANDHRA PRADESH^28|Khammam^28541|Sathupalle^2854104751
ANDHRA PRADESH^28|Khammam^28541|Penuballi^2854104752
ANDHRA PRADESH^28|Khammam^28541|Enkuru^2854104753
ANDHRA PRADESH^28|Khammam^28541|Thirumalayapalem^2854104754
ANDHRA PRADESH^28|Khammam^28541|Kusumanchi^2854104755
ANDHRA PRADESH^28|Khammam^28541|Khammam (Rural)^2854104756
ANDHRA PRADESH^28|Khammam^28541|Khammam (Urban)^2854104757
ANDHRA PRADESH^28|Khammam^28541|Mudigonda^2854104758
ANDHRA PRADESH^28|Khammam^28541|Nelakondapalle^2854104759
ANDHRA PRADESH^28|Khammam^28541|Chinthakani^2854104760
ANDHRA PRADESH^28|Khammam^28541|Konijerla^2854104761
ANDHRA PRADESH^28|Khammam^28541|Tallada^2854104762
ANDHRA PRADESH^28|Khammam^28541|Kallur^2854104763
ANDHRA PRADESH^28|Khammam^28541|Wyra^2854104764
ANDHRA PRADESH^28|Khammam^28541|Bonakal^2854104765
ANDHRA PRADESH^28|Khammam^28541|Madhira^2854104766
ANDHRA PRADESH^28|Khammam^28541|Yerrupalem^2854104767
ANDHRA PRADESH^28|Khammam^28541|Vemsoor^2854104768
ANDHRA PRADESH^28|Srikakulam^28542|Veeraghattam^2854204769
ANDHRA PRADESH^28|Srikakulam^28542|Seethampeta^2854204770
ANDHRA PRADESH^28|Srikakulam^28542|Bhamini^2854204771
ANDHRA PRADESH^28|Srikakulam^28542|Kothuru^2854204772
ANDHRA PRADESH^28|Srikakulam^28542|Pathapatnam^2854204773
ANDHRA PRADESH^28|Srikakulam^28542|Meliaputti^2854204774
ANDHRA PRADESH^28|Srikakulam^28542|Palasa^2854204775
ANDHRA PRADESH^28|Srikakulam^28542|Mandasa^2854204776
ANDHRA PRADESH^28|Srikakulam^28542|Kanchili^2854204777
ANDHRA PRADESH^28|Srikakulam^28542|Ichchapuram^2854204778
ANDHRA PRADESH^28|Srikakulam^28542|Kaviti^2854204779
ANDHRA PRADESH^28|Srikakulam^28542|Sompeta^2854204780
ANDHRA PRADESH^28|Srikakulam^28542|Vajrapukothuru^2854204781
ANDHRA PRADESH^28|Srikakulam^28542|Nandigam^2854204782
ANDHRA PRADESH^28|Srikakulam^28542|Hiramandalam^2854204783
ANDHRA PRADESH^28|Srikakulam^28542|Palakonda^2854204784
ANDHRA PRADESH^28|Srikakulam^28542|Vangara^2854204785
ANDHRA PRADESH^28|Srikakulam^28542|Regidi Amadalavalasa^2854204786
ANDHRA PRADESH^28|Srikakulam^28542|Lakshminarsupeta^2854204787
ANDHRA PRADESH^28|Srikakulam^28542|Saravakota^2854204788
ANDHRA PRADESH^28|Srikakulam^28542|Tekkali^2854204789
ANDHRA PRADESH^28|Srikakulam^28542|Santhabommali^2854204790
ANDHRA PRADESH^28|Srikakulam^28542|Kotabommali^2854204791
ANDHRA PRADESH^28|Srikakulam^28542|Jalumuru^2854204792
ANDHRA PRADESH^28|Srikakulam^28542|Sarubujjili^2854204793
ANDHRA PRADESH^28|Srikakulam^28542|Burja^2854204794
ANDHRA PRADESH^28|Srikakulam^28542|Santhakaviti^2854204795
ANDHRA PRADESH^28|Srikakulam^28542|Rajam^2854204796
ANDHRA PRADESH^28|Srikakulam^28542|Ganguvarisigadam^2854204797
ANDHRA PRADESH^28|Srikakulam^28542|Amadalavalasa^2854204798
ANDHRA PRADESH^28|Srikakulam^28542|Narasannapeta^2854204799
ANDHRA PRADESH^28|Srikakulam^28542|Polaki^2854204800
ANDHRA PRADESH^28|Srikakulam^28542|Gara^2854204801
ANDHRA PRADESH^28|Srikakulam^28542|Srikakulam^2854204802
ANDHRA PRADESH^28|Srikakulam^28542|Ponduru^2854204803
ANDHRA PRADESH^28|Srikakulam^28542|Laveru^2854204804
ANDHRA PRADESH^28|Srikakulam^28542|Ranastalam^2854204805
ANDHRA PRADESH^28|Srikakulam^28542|Etcherla^2854204806
ANDHRA PRADESH^28|Vizianagaram^28543|Komarada^2854304807
ANDHRA PRADESH^28|Vizianagaram^28543|Gummalakshmipuram^2854304808
ANDHRA PRADESH^28|Vizianagaram^28543|Kurupam^2854304809
ANDHRA PRADESH^28|Vizianagaram^28543|Jiyyammavalasa^2854304810
ANDHRA PRADESH^28|Vizianagaram^28543|Garugubilli^2854304811
ANDHRA PRADESH^28|Vizianagaram^28543|Parvathipuram^2854304812
ANDHRA PRADESH^28|Vizianagaram^28543|Makkuva^2854304813
ANDHRA PRADESH^28|Vizianagaram^28543|Seethanagaram^2854304814
ANDHRA PRADESH^28|Vizianagaram^28543|Balijipeta^2854304815
ANDHRA PRADESH^28|Vizianagaram^28543|Bobbili^2854304816
ANDHRA PRADESH^28|Vizianagaram^28543|Salur^2854304817
ANDHRA PRADESH^28|Vizianagaram^28543|Pachipenta^2854304818
ANDHRA PRADESH^28|Vizianagaram^28543|Ramabhadrapuram^2854304819
ANDHRA PRADESH^28|Vizianagaram^28543|Badangi^2854304820
ANDHRA PRADESH^28|Vizianagaram^28543|Therlam^2854304821
ANDHRA PRADESH^28|Vizianagaram^28543|Merakamudidam^2854304822
ANDHRA PRADESH^28|Vizianagaram^28543|Dattirajeru^2854304823
ANDHRA PRADESH^28|Vizianagaram^28543|Mentada^2854304824
ANDHRA PRADESH^28|Vizianagaram^28543|Gajapathinagaram^2854304825
ANDHRA PRADESH^28|Vizianagaram^28543|Garividi^2854304826
ANDHRA PRADESH^28|Vizianagaram^28543|Cheepurupalle^2854304827
ANDHRA PRADESH^28|Vizianagaram^28543|Gurla^2854304828
ANDHRA PRADESH^28|Vizianagaram^28543|Bondapalle^2854304829
ANDHRA PRADESH^28|Vizianagaram^28543|Gantyada^2854304830
ANDHRA PRADESH^28|Vizianagaram^28543|Srungavarapukota^2854304831
ANDHRA PRADESH^28|Vizianagaram^28543|Vepada^2854304832
ANDHRA PRADESH^28|Vizianagaram^28543|Lakkavarapukota^2854304833
ANDHRA PRADESH^28|Vizianagaram^28543|Kothavalasa^2854304834
ANDHRA PRADESH^28|Vizianagaram^28543|Jami^2854304835
ANDHRA PRADESH^28|Vizianagaram^28543|Vizianagaram^2854304836
ANDHRA PRADESH^28|Vizianagaram^28543|Nellimarla^2854304837
ANDHRA PRADESH^28|Vizianagaram^28543|Pusapatirega^2854304838
ANDHRA PRADESH^28|Vizianagaram^28543|Denkada^2854304839
ANDHRA PRADESH^28|Vizianagaram^28543|Bhogapuram^2854304840
ANDHRA PRADESH^28|Visakhapatnam^28544|Munchingi Puttu^2854404841
ANDHRA PRADESH^28|Visakhapatnam^28544|Peda Bayalu^2854404842
ANDHRA PRADESH^28|Visakhapatnam^28544|Dumbriguda^2854404843
ANDHRA PRADESH^28|Visakhapatnam^28544|Araku Valley^2854404844
ANDHRA PRADESH^28|Visakhapatnam^28544|Ananthagiri^2854404845
ANDHRA PRADESH^28|Visakhapatnam^28544|Hukumpeta^2854404846
ANDHRA PRADESH^28|Visakhapatnam^28544|Paderu^2854404847
ANDHRA PRADESH^28|Visakhapatnam^28544|G.Madugula^2854404848
ANDHRA PRADESH^28|Visakhapatnam^28544|Chintapalle^2854404849
ANDHRA PRADESH^28|Visakhapatnam^28544|Gudem Kotha Veedhi^2854404850
ANDHRA PRADESH^28|Visakhapatnam^28544|Koyyuru^2854404851
ANDHRA PRADESH^28|Visakhapatnam^28544|Nathavaram^2854404852
ANDHRA PRADESH^28|Visakhapatnam^28544|Golugonda^2854404853
ANDHRA PRADESH^28|Visakhapatnam^28544|Narsipatnam^2854404854
ANDHRA PRADESH^28|Visakhapatnam^28544|Rolugunta^2854404855
ANDHRA PRADESH^28|Visakhapatnam^28544|Ravikamatham^2854404856
ANDHRA PRADESH^28|Visakhapatnam^28544|Madugula^2854404857
ANDHRA PRADESH^28|Visakhapatnam^28544|Cheedikada^2854404858
ANDHRA PRADESH^28|Visakhapatnam^28544|Devarapalle^2854404859
ANDHRA PRADESH^28|Visakhapatnam^28544|K.Kotapadu^2854404860
ANDHRA PRADESH^28|Visakhapatnam^28544|Sabbavaram^2854404861
ANDHRA PRADESH^28|Visakhapatnam^28544|Pendurthi^2854404862
ANDHRA PRADESH^28|Visakhapatnam^28544|Anandapuram^2854404863
ANDHRA PRADESH^28|Visakhapatnam^28544|Padmanabham^2854404864
ANDHRA PRADESH^28|Visakhapatnam^28544|Bheemunipatnam^2854404865
ANDHRA PRADESH^28|Visakhapatnam^28544|Visakhapatnam (Rural)^2854404866
ANDHRA PRADESH^28|Visakhapatnam^28544|Visakhapatnam (Urban)^2854404867
ANDHRA PRADESH^28|Visakhapatnam^28544|Pedagantyada^2854404868
ANDHRA PRADESH^28|Visakhapatnam^28544|Gajuwaka^2854404869
ANDHRA PRADESH^28|Visakhapatnam^28544|Paravada^2854404870
ANDHRA PRADESH^28|Visakhapatnam^28544|Anakapalle^2854404871
ANDHRA PRADESH^28|Visakhapatnam^28544|Chodavaram^2854404872
ANDHRA PRADESH^28|Visakhapatnam^28544|Butchayyapeta^2854404873
ANDHRA PRADESH^28|Visakhapatnam^28544|Kotauratla^2854404874
ANDHRA PRADESH^28|Visakhapatnam^28544|Makavarapalem^2854404875
ANDHRA PRADESH^28|Visakhapatnam^28544|Kasimkota^2854404876
ANDHRA PRADESH^28|Visakhapatnam^28544|Munagapaka^2854404877
ANDHRA PRADESH^28|Visakhapatnam^28544|Atchutapuram^2854404878
ANDHRA PRADESH^28|Visakhapatnam^28544|Yelamanchili^2854404879
ANDHRA PRADESH^28|Visakhapatnam^28544|Nakkapalle^2854404880
ANDHRA PRADESH^28|Visakhapatnam^28544|Payakaraopeta^2854404881
ANDHRA PRADESH^28|Visakhapatnam^28544|S.Rayavaram^2854404882
ANDHRA PRADESH^28|Visakhapatnam^28544|Rambilli^2854404883
ANDHRA PRADESH^28|East Godavari^28545|Maredumilli^2854504884
ANDHRA PRADESH^28|East Godavari^28545|Devipatnam^2854504885
ANDHRA PRADESH^28|East Godavari^28545|Y. Ramavaram^2854504886
ANDHRA PRADESH^28|East Godavari^28545|Addateegala^2854504887
ANDHRA PRADESH^28|East Godavari^28545|Rajavommangi^2854504888
ANDHRA PRADESH^28|East Godavari^28545|Kotananduru^2854504889
ANDHRA PRADESH^28|East Godavari^28545|Tuni^2854504890
ANDHRA PRADESH^28|East Godavari^28545|Rowthulapudi^2854504891
ANDHRA PRADESH^28|East Godavari^28545|Sankhavaram^2854504892
ANDHRA PRADESH^28|East Godavari^28545|Yeleswaram^2854504893
ANDHRA PRADESH^28|East Godavari^28545|Gangavaram^2854504894
ANDHRA PRADESH^28|East Godavari^28545|Rampachodavaram^2854504895
ANDHRA PRADESH^28|East Godavari^28545|Seethanagaram^2854504896
ANDHRA PRADESH^28|East Godavari^28545|Gokavaram^2854504897
ANDHRA PRADESH^28|East Godavari^28545|Jaggampeta^2854504898
ANDHRA PRADESH^28|East Godavari^28545|Kirlampudi^2854504899
ANDHRA PRADESH^28|East Godavari^28545|Prathipadu^2854504900
ANDHRA PRADESH^28|East Godavari^28545|Thondangi^2854504901
ANDHRA PRADESH^28|East Godavari^28545|Gollaprolu^2854504902
ANDHRA PRADESH^28|East Godavari^28545|Peddapuram^2854504903
ANDHRA PRADESH^28|East Godavari^28545|Gandepalle^2854504904
ANDHRA PRADESH^28|East Godavari^28545|Korukonda^2854504905
ANDHRA PRADESH^28|East Godavari^28545|Rajahmundry (Urban)^2854504906
ANDHRA PRADESH^28|East Godavari^28545|Rajahmundry Rural^2854504907
ANDHRA PRADESH^28|East Godavari^28545|Rajanagaram^2854504908
ANDHRA PRADESH^28|East Godavari^28545|Rangampeta^2854504909
ANDHRA PRADESH^28|East Godavari^28545|Samalkota^2854504910
ANDHRA PRADESH^28|East Godavari^28545|Pithapuram^2854504911
ANDHRA PRADESH^28|East Godavari^28545|Kothapalle^2854504912
ANDHRA PRADESH^28|East Godavari^28545|Kakinada (Rural)^2854504913
ANDHRA PRADESH^28|East Godavari^28545|Kakinada (Urban)^2854504914
ANDHRA PRADESH^28|East Godavari^28545|Pedapudi^2854504915
ANDHRA PRADESH^28|East Godavari^28545|Biccavolu^2854504916
ANDHRA PRADESH^28|East Godavari^28545|Anaparthy^2854504917
ANDHRA PRADESH^28|East Godavari^28545|Kadiam^2854504918
ANDHRA PRADESH^28|East Godavari^28545|Atreyapuram^2854504919
ANDHRA PRADESH^28|East Godavari^28545|Mandapeta^2854504920
ANDHRA PRADESH^28|East Godavari^28545|Rayavaram^2854504921
ANDHRA PRADESH^28|East Godavari^28545|Karapa^2854504922
ANDHRA PRADESH^28|East Godavari^28545|Kajuluru^2854504923
ANDHRA PRADESH^28|East Godavari^28545|Ramachandrapuram^2854504924
ANDHRA PRADESH^28|East Godavari^28545|Alamuru^2854504925
ANDHRA PRADESH^28|East Godavari^28545|Ravulapalem^2854504926
ANDHRA PRADESH^28|East Godavari^28545|Kothapeta^2854504927
ANDHRA PRADESH^28|East Godavari^28545|Kapileswarapuram^2854504928
ANDHRA PRADESH^28|East Godavari^28545|Pamarru^2854504929
ANDHRA PRADESH^28|East Godavari^28545|Thallarevu^2854504930
ANDHRA PRADESH^28|East Godavari^28545|I. Polavaram^2854504931
ANDHRA PRADESH^28|East Godavari^28545|Mummidivaram^2854504932
ANDHRA PRADESH^28|East Godavari^28545|Ainavilli^2854504933
ANDHRA PRADESH^28|East Godavari^28545|P.Gannavaram^2854504934
ANDHRA PRADESH^28|East Godavari^28545|Ambajipeta^2854504935
ANDHRA PRADESH^28|East Godavari^28545|Mamidikuduru^2854504936
ANDHRA PRADESH^28|East Godavari^28545|Razole^2854504937
ANDHRA PRADESH^28|East Godavari^28545|Malikipuram^2854504938
ANDHRA PRADESH^28|East Godavari^28545|Sakhinetipalle^2854504939
ANDHRA PRADESH^28|East Godavari^28545|Allavaram^2854504940
ANDHRA PRADESH^28|East Godavari^28545|Amalapuram^2854504941
ANDHRA PRADESH^28|East Godavari^28545|Uppalaguptam^2854504942
ANDHRA PRADESH^28|East Godavari^28545|Katrenikona^2854504943
ANDHRA PRADESH^28|West Godavari^28546|Chintalapudi^2854604944
ANDHRA PRADESH^28|West Godavari^28546|Lingapalem^2854604945
ANDHRA PRADESH^28|West Godavari^28546|T.Narasapuram^2854604946
ANDHRA PRADESH^28|West Godavari^28546|Jeelugu Milli^2854604947
ANDHRA PRADESH^28|West Godavari^28546|Buttayagudem^2854604948
ANDHRA PRADESH^28|West Godavari^28546|Polavaram^2854604949
ANDHRA PRADESH^28|West Godavari^28546|Tallapudi^2854604950
ANDHRA PRADESH^28|West Godavari^28546|Gopalapuram^2854604951
ANDHRA PRADESH^28|West Godavari^28546|Koyyalagudem^2854604952
ANDHRA PRADESH^28|West Godavari^28546|Jangareddigudem^2854604953
ANDHRA PRADESH^28|West Godavari^28546|Kamavarapukota^2854604954
ANDHRA PRADESH^28|West Godavari^28546|Dwarakatirumala^2854604955
ANDHRA PRADESH^28|West Godavari^28546|Nallajerla^2854604956
ANDHRA PRADESH^28|West Godavari^28546|Devarapalle^2854604957
ANDHRA PRADESH^28|West Godavari^28546|Kovvur^2854604958
ANDHRA PRADESH^28|West Godavari^28546|Chagallu^2854604959
ANDHRA PRADESH^28|West Godavari^28546|Nidadavole^2854604960
ANDHRA PRADESH^28|West Godavari^28546|Tadepalligudem^2854604961
ANDHRA PRADESH^28|West Godavari^28546|Unguturu^2854604962
ANDHRA PRADESH^28|West Godavari^28546|Bhimadole^2854604963
ANDHRA PRADESH^28|West Godavari^28546|Pedavegi^2854604964
ANDHRA PRADESH^28|West Godavari^28546|Pedapadu^2854604965
ANDHRA PRADESH^28|West Godavari^28546|Eluru^2854604966
ANDHRA PRADESH^28|West Godavari^28546|Denduluru^2854604967
ANDHRA PRADESH^28|West Godavari^28546|Nidamarru^2854604968
ANDHRA PRADESH^28|West Godavari^28546|Pentapadu^2854604969
ANDHRA PRADESH^28|West Godavari^28546|Undrajavaram^2854604970
ANDHRA PRADESH^28|West Godavari^28546|Peravali^2854604971
ANDHRA PRADESH^28|West Godavari^28546|Tanuku^2854604972
ANDHRA PRADESH^28|West Godavari^28546|Attili^2854604973
ANDHRA PRADESH^28|West Godavari^28546|Ganapavaram^2854604974
ANDHRA PRADESH^28|West Godavari^28546|Akividu^2854604975
ANDHRA PRADESH^28|West Godavari^28546|Undi^2854604976
ANDHRA PRADESH^28|West Godavari^28546|Palacoderu^2854604977
ANDHRA PRADESH^28|West Godavari^28546|Penumantra^2854604978
ANDHRA PRADESH^28|West Godavari^28546|Iragavaram^2854604979
ANDHRA PRADESH^28|West Godavari^28546|Penugonda^2854604980
ANDHRA PRADESH^28|West Godavari^28546|Achanta^2854604981
ANDHRA PRADESH^28|West Godavari^28546|Poduru^2854604982
ANDHRA PRADESH^28|West Godavari^28546|Veeravasaram^2854604983
ANDHRA PRADESH^28|West Godavari^28546|Bhimavaram^2854604984
ANDHRA PRADESH^28|West Godavari^28546|Kalla^2854604985
ANDHRA PRADESH^28|West Godavari^28546|Mogalthur^2854604986
ANDHRA PRADESH^28|West Godavari^28546|Narasapuram^2854604987
ANDHRA PRADESH^28|West Godavari^28546|Palacole^2854604988
ANDHRA PRADESH^28|West Godavari^28546|Yelamanchili^2854604989
ANDHRA PRADESH^28|Krishna^28547|Vatsavai^2854704990
ANDHRA PRADESH^28|Krishna^28547|Jaggayyapeta^2854704991
ANDHRA PRADESH^28|Krishna^28547|Penuganchiprolu^2854704992
ANDHRA PRADESH^28|Krishna^28547|Nandigama^2854704993
ANDHRA PRADESH^28|Krishna^28547|Veerullapadu^2854704994
ANDHRA PRADESH^28|Krishna^28547|Mylavaram^2854704995
ANDHRA PRADESH^28|Krishna^28547|Gampalagudem^2854704996
ANDHRA PRADESH^28|Krishna^28547|Tiruvuru^2854704997
ANDHRA PRADESH^28|Krishna^28547|A.Konduru^2854704998
ANDHRA PRADESH^28|Krishna^28547|Reddigudem^2854704999
ANDHRA PRADESH^28|Krishna^28547|Vissannapet^2854705000
ANDHRA PRADESH^28|Krishna^28547|Chatrai^2854705001
ANDHRA PRADESH^28|Krishna^28547|Musunuru^2854705002
ANDHRA PRADESH^28|Krishna^28547|Nuzvid^2854705003
ANDHRA PRADESH^28|Krishna^28547|Bapulapadu^2854705004
ANDHRA PRADESH^28|Krishna^28547|Agiripalle^2854705005
ANDHRA PRADESH^28|Krishna^28547|G.Konduru^2854705006
ANDHRA PRADESH^28|Krishna^28547|Kanchikacherla^2854705007
ANDHRA PRADESH^28|Krishna^28547|Chandarlapadu^2854705008
ANDHRA PRADESH^28|Krishna^28547|Ibrahimpatnam^2854705009
ANDHRA PRADESH^28|Krishna^28547|Vijayawada (Urban)^2854705010
ANDHRA PRADESH^28|Krishna^28547|Vijayawada (Rural)^2854705011
ANDHRA PRADESH^28|Krishna^28547|Gannavaram^2854705012
ANDHRA PRADESH^28|Krishna^28547|Unguturu^2854705013
ANDHRA PRADESH^28|Krishna^28547|Nandivada^2854705014
ANDHRA PRADESH^28|Krishna^28547|Mandavalli^2854705015
ANDHRA PRADESH^28|Krishna^28547|Kaikalur^2854705016
ANDHRA PRADESH^28|Krishna^28547|Kalidindi^2854705017
ANDHRA PRADESH^28|Krishna^28547|Kruthivennu^2854705018
ANDHRA PRADESH^28|Krishna^28547|Bantumilli^2854705019
ANDHRA PRADESH^28|Krishna^28547|Mudinepalle^2854705020
ANDHRA PRADESH^28|Krishna^28547|Gudivada^2854705021
ANDHRA PRADESH^28|Krishna^28547|Pedaparupudi^2854705022
ANDHRA PRADESH^28|Krishna^28547|Kankipadu^2854705023
ANDHRA PRADESH^28|Krishna^28547|Penamaluru^2854705024
ANDHRA PRADESH^28|Krishna^28547|Thotlavalluru^2854705025
ANDHRA PRADESH^28|Krishna^28547|Pamidimukkala^2854705026
ANDHRA PRADESH^28|Krishna^28547|Vuyyuru^2854705027
ANDHRA PRADESH^28|Krishna^28547|Pamarru^2854705028
ANDHRA PRADESH^28|Krishna^28547|Gudlavalleru^2854705029
ANDHRA PRADESH^28|Krishna^28547|Pedana^2854705030
ANDHRA PRADESH^28|Krishna^28547|Guduru^2854705031
ANDHRA PRADESH^28|Krishna^28547|Movva^2854705032
ANDHRA PRADESH^28|Krishna^28547|Ghantasala^2854705033
ANDHRA PRADESH^28|Krishna^28547|Machilipatnam^2854705034
ANDHRA PRADESH^28|Krishna^28547|Challapalle^2854705035
ANDHRA PRADESH^28|Krishna^28547|Mopidevi^2854705036
ANDHRA PRADESH^28|Krishna^28547|Avanigadda^2854705037
ANDHRA PRADESH^28|Krishna^28547|Nagayalanka^2854705038
ANDHRA PRADESH^28|Krishna^28547|Koduru^2854705039
ANDHRA PRADESH^28|Guntur^28548|Macherla^2854805040
ANDHRA PRADESH^28|Guntur^28548|Veldurthi^2854805041
ANDHRA PRADESH^28|Guntur^28548|Durgi^2854805042
ANDHRA PRADESH^28|Guntur^28548|Rentachintala^2854805043
ANDHRA PRADESH^28|Guntur^28548|Gurazala^2854805044
ANDHRA PRADESH^28|Guntur^28548|Dachepalle^2854805045
ANDHRA PRADESH^28|Guntur^28548|Karempudi^2854805046
ANDHRA PRADESH^28|Guntur^28548|Piduguralla^2854805047
ANDHRA PRADESH^28|Guntur^28548|Machavaram^2854805048
ANDHRA PRADESH^28|Guntur^28548|Bellamkonda^2854805049
ANDHRA PRADESH^28|Guntur^28548|Atchampet^2854805050
ANDHRA PRADESH^28|Guntur^28548|Krosuru^2854805051
ANDHRA PRADESH^28|Guntur^28548|Amaravathi^2854805052
ANDHRA PRADESH^28|Guntur^28548|Thullur^2854805053
ANDHRA PRADESH^28|Guntur^28548|Tadepalle^2854805054
ANDHRA PRADESH^28|Guntur^28548|Mangalagiri^2854805055
ANDHRA PRADESH^28|Guntur^28548|Tadikonda^2854805056
ANDHRA PRADESH^28|Guntur^28548|Pedakurapadu^2854805057
ANDHRA PRADESH^28|Guntur^28548|Sattenapalle^2854805058
ANDHRA PRADESH^28|Guntur^28548|Rajupalem^2854805059
ANDHRA PRADESH^28|Guntur^28548|Nekarikallu^2854805060
ANDHRA PRADESH^28|Guntur^28548|Bollapalle^2854805061
ANDHRA PRADESH^28|Guntur^28548|Vinukonda^2854805062
ANDHRA PRADESH^28|Guntur^28548|Nuzendla^2854805063
ANDHRA PRADESH^28|Guntur^28548|Savalyapuram H/O Kanamarlapudi^2854805064
ANDHRA PRADESH^28|Guntur^28548|Ipur^2854805065
ANDHRA PRADESH^28|Guntur^28548|Rompicherla^2854805066
ANDHRA PRADESH^28|Guntur^28548|Narasaraopet^2854805067
ANDHRA PRADESH^28|Guntur^28548|Muppalla^2854805068
ANDHRA PRADESH^28|Guntur^28548|Nadendla^2854805069
ANDHRA PRADESH^28|Guntur^28548|Chilakaluripet
 H/O.Purushotha Patnam^2854805070
ANDHRA PRADESH^28|Guntur^28548|Edlapadu^2854805071
ANDHRA PRADESH^28|Guntur^28548|Phirangipuram^2854805072
ANDHRA PRADESH^28|Guntur^28548|Medikonduru^2854805073
ANDHRA PRADESH^28|Guntur^28548|Guntur^2854805074
ANDHRA PRADESH^28|Guntur^28548|Pedakakani^2854805075
ANDHRA PRADESH^28|Guntur^28548|Duggirala^2854805076
ANDHRA PRADESH^28|Guntur^28548|Kollipara^2854805077
ANDHRA PRADESH^28|Guntur^28548|Tenali^2854805078
ANDHRA PRADESH^28|Guntur^28548|Chebrolu^2854805079
ANDHRA PRADESH^28|Guntur^28548|Vatticherukuru^2854805080
ANDHRA PRADESH^28|Guntur^28548|Prathipadu^2854805081
ANDHRA PRADESH^28|Guntur^28548|Pedanandipadu^2854805082
ANDHRA PRADESH^28|Guntur^28548|Kakumanu^2854805083
ANDHRA PRADESH^28|Guntur^28548|Ponnur^2854805084
ANDHRA PRADESH^28|Guntur^28548|Tsundur^2854805085
ANDHRA PRADESH^28|Guntur^28548|Amruthalur^2854805086
ANDHRA PRADESH^28|Guntur^28548|Vemuru^2854805087
ANDHRA PRADESH^28|Guntur^28548|Kollur^2854805088
ANDHRA PRADESH^28|Guntur^28548|Bhattiprolu^2854805089
ANDHRA PRADESH^28|Guntur^28548|Cherukupalle H/O Arumbaka^2854805090
ANDHRA PRADESH^28|Guntur^28548|Pittalavanipalem^2854805091
ANDHRA PRADESH^28|Guntur^28548|Karlapalem^2854805092
ANDHRA PRADESH^28|Guntur^28548|Bapatla^2854805093
ANDHRA PRADESH^28|Guntur^28548|Nizampatnam^2854805094
ANDHRA PRADESH^28|Guntur^28548|Nagaram^2854805095
ANDHRA PRADESH^28|Guntur^28548|Repalle^2854805096
ANDHRA PRADESH^28|Prakasam^28549|Yerragondapalem^2854905097
ANDHRA PRADESH^28|Prakasam^28549|Pullalacheruvu^2854905098
ANDHRA PRADESH^28|Prakasam^28549|Tripuranthakam^2854905099
ANDHRA PRADESH^28|Prakasam^28549|Dornala^2854905100
ANDHRA PRADESH^28|Prakasam^28549|Peda  Araveedu^2854905101
ANDHRA PRADESH^28|Prakasam^28549|Donakonda^2854905102
ANDHRA PRADESH^28|Prakasam^28549|Kurichedu^2854905103
ANDHRA PRADESH^28|Prakasam^28549|Santhamaguluru^2854905104
ANDHRA PRADESH^28|Prakasam^28549|Ballikurava^2854905105
ANDHRA PRADESH^28|Prakasam^28549|Martur^2854905106
ANDHRA PRADESH^28|Prakasam^28549|Yeddana Pudi^2854905107
ANDHRA PRADESH^28|Prakasam^28549|Parchur^2854905108
ANDHRA PRADESH^28|Prakasam^28549|Karamchedu^2854905109
ANDHRA PRADESH^28|Prakasam^28549|Inkollu^2854905110
ANDHRA PRADESH^28|Prakasam^28549|Janakavarampanguluru^2854905111
ANDHRA PRADESH^28|Prakasam^28549|Addanki^2854905112
ANDHRA PRADESH^28|Prakasam^28549|Mundlamuru^2854905113
ANDHRA PRADESH^28|Prakasam^28549|Darsi^2854905114
ANDHRA PRADESH^28|Prakasam^28549|Markapur^2854905115
ANDHRA PRADESH^28|Prakasam^28549|Ardhaveedu^2854905116
ANDHRA PRADESH^28|Prakasam^28549|Cumbum^2854905117
ANDHRA PRADESH^28|Prakasam^28549|Tarlupadu^2854905118
ANDHRA PRADESH^28|Prakasam^28549|Konakanamitla^2854905119
ANDHRA PRADESH^28|Prakasam^28549|Podili^2854905120
ANDHRA PRADESH^28|Prakasam^28549|Thallur^2854905121
ANDHRA PRADESH^28|Prakasam^28549|Korisapadu^2854905122
ANDHRA PRADESH^28|Prakasam^28549|Chirala^2854905123
ANDHRA PRADESH^28|Prakasam^28549|Vetapalem^2854905124
ANDHRA PRADESH^28|Prakasam^28549|Chinaganjam^2854905125
ANDHRA PRADESH^28|Prakasam^28549|Naguluppala Padu^2854905126
ANDHRA PRADESH^28|Prakasam^28549|Maddipadu^2854905127
ANDHRA PRADESH^28|Prakasam^28549|Chimakurthi^2854905128
ANDHRA PRADESH^28|Prakasam^28549|Marripudi^2854905129
ANDHRA PRADESH^28|Prakasam^28549|Hanumanthuni Padu^2854905130
ANDHRA PRADESH^28|Prakasam^28549|Bestawaripeta^2854905131
ANDHRA PRADESH^28|Prakasam^28549|Racherla^2854905132
ANDHRA PRADESH^28|Prakasam^28549|Giddalur^2854905133
ANDHRA PRADESH^28|Prakasam^28549|Komarolu^2854905134
ANDHRA PRADESH^28|Prakasam^28549|Veligandla^2854905135
ANDHRA PRADESH^28|Prakasam^28549|Kanigiri^2854905136
ANDHRA PRADESH^28|Prakasam^28549|Kondapi^2854905137
ANDHRA PRADESH^28|Prakasam^28549|Santhanuthala Padu^2854905138
ANDHRA PRADESH^28|Prakasam^28549|Ongole^2854905139
ANDHRA PRADESH^28|Prakasam^28549|Kotha Patnam^2854905140
ANDHRA PRADESH^28|Prakasam^28549|Tangutur^2854905141
ANDHRA PRADESH^28|Prakasam^28549|Zarugumilli^2854905142
ANDHRA PRADESH^28|Prakasam^28549|Ponnaluru^2854905143
ANDHRA PRADESH^28|Prakasam^28549|Pedacherlo Palle^2854905144
ANDHRA PRADESH^28|Prakasam^28549|Chandra Sekhara Puram^2854905145
ANDHRA PRADESH^28|Prakasam^28549|Pamur^2854905146
ANDHRA PRADESH^28|Prakasam^28549|Voletivaripalem^2854905147
ANDHRA PRADESH^28|Prakasam^28549|Kandukur^2854905148
ANDHRA PRADESH^28|Prakasam^28549|Singarayakonda^2854905149
ANDHRA PRADESH^28|Prakasam^28549|Lingasamudram^2854905150
ANDHRA PRADESH^28|Prakasam^28549|Gudluru^2854905151
ANDHRA PRADESH^28|Prakasam^28549|Ulavapadu^2854905152
ANDHRA PRADESH^28|Sri Potti Sriramulu Nellore^28550|Seetharamapuram^2855005153
ANDHRA PRADESH^28|Sri Potti Sriramulu Nellore^28550|Udayagiri^2855005154
ANDHRA PRADESH^28|Sri Potti Sriramulu Nellore^28550|Varikuntapadu^2855005155
ANDHRA PRADESH^28|Sri Potti Sriramulu Nellore^28550|Kondapuram^2855005156
ANDHRA PRADESH^28|Sri Potti Sriramulu Nellore^28550|Jaladanki^2855005157
ANDHRA PRADESH^28|Sri Potti Sriramulu Nellore^28550|Kavali^2855005158
ANDHRA PRADESH^28|Sri Potti Sriramulu Nellore^28550|Bogole^2855005159
ANDHRA PRADESH^28|Sri Potti Sriramulu Nellore^28550|Kaligiri^2855005160
ANDHRA PRADESH^28|Sri Potti Sriramulu Nellore^28550|Vinjamur^2855005161
ANDHRA PRADESH^28|Sri Potti Sriramulu Nellore^28550|Duttalur^2855005162
ANDHRA PRADESH^28|Sri Potti Sriramulu Nellore^28550|Marripadu^2855005163
ANDHRA PRADESH^28|Sri Potti Sriramulu Nellore^28550|Atmakur^2855005164
ANDHRA PRADESH^28|Sri Potti Sriramulu Nellore^28550|Anumasamudrampeta^2855005165
ANDHRA PRADESH^28|Sri Potti Sriramulu Nellore^28550|Dagadarthi^2855005166
ANDHRA PRADESH^28|Sri Potti Sriramulu Nellore^28550|Allur^2855005167
ANDHRA PRADESH^28|Sri Potti Sriramulu Nellore^28550|Vidavalur^2855005168
ANDHRA PRADESH^28|Sri Potti Sriramulu Nellore^28550|Kodavalur^2855005169
ANDHRA PRADESH^28|Sri Potti Sriramulu Nellore^28550|Buchireddipalem^2855005170
ANDHRA PRADESH^28|Sri Potti Sriramulu Nellore^28550|Sangam^2855005171
ANDHRA PRADESH^28|Sri Potti Sriramulu Nellore^28550|Chejerla^2855005172
ANDHRA PRADESH^28|Sri Potti Sriramulu Nellore^28550|Ananthasagaram^2855005173
ANDHRA PRADESH^28|Sri Potti Sriramulu Nellore^28550|Kaluvoya^2855005174
ANDHRA PRADESH^28|Sri Potti Sriramulu Nellore^28550|Rapur^2855005175
ANDHRA PRADESH^28|Sri Potti Sriramulu Nellore^28550|Podalakur^2855005176
ANDHRA PRADESH^28|Sri Potti Sriramulu Nellore^28550|Nellore^2855005177
ANDHRA PRADESH^28|Sri Potti Sriramulu Nellore^28550|Kovur^2855005178
ANDHRA PRADESH^28|Sri Potti Sriramulu Nellore^28550|Indukurpet^2855005179
ANDHRA PRADESH^28|Sri Potti Sriramulu Nellore^28550|Thotapalligudur^2855005180
ANDHRA PRADESH^28|Sri Potti Sriramulu Nellore^28550|Muthukur^2855005181
ANDHRA PRADESH^28|Sri Potti Sriramulu Nellore^28550|Venkatachalam^2855005182
ANDHRA PRADESH^28|Sri Potti Sriramulu Nellore^28550|Manubolu^2855005183
ANDHRA PRADESH^28|Sri Potti Sriramulu Nellore^28550|Gudur^2855005184
ANDHRA PRADESH^28|Sri Potti Sriramulu Nellore^28550|Sydapuram^2855005185
ANDHRA PRADESH^28|Sri Potti Sriramulu Nellore^28550|Dakkili^2855005186
ANDHRA PRADESH^28|Sri Potti Sriramulu Nellore^28550|Venkatagiri^2855005187
ANDHRA PRADESH^28|Sri Potti Sriramulu Nellore^28550|Balayapalle^2855005188
ANDHRA PRADESH^28|Sri Potti Sriramulu Nellore^28550|Ojili^2855005189
ANDHRA PRADESH^28|Sri Potti Sriramulu Nellore^28550|Chillakur^2855005190
ANDHRA PRADESH^28|Sri Potti Sriramulu Nellore^28550|Kota^2855005191
ANDHRA PRADESH^28|Sri Potti Sriramulu Nellore^28550|Vakadu^2855005192
ANDHRA PRADESH^28|Sri Potti Sriramulu Nellore^28550|Chittamur^2855005193
ANDHRA PRADESH^28|Sri Potti Sriramulu Nellore^28550|Naidupet^2855005194
ANDHRA PRADESH^28|Sri Potti Sriramulu Nellore^28550|Pellakur^2855005195
ANDHRA PRADESH^28|Sri Potti Sriramulu Nellore^28550|Doravarisatram^2855005196
ANDHRA PRADESH^28|Sri Potti Sriramulu Nellore^28550|Sullurpeta^2855005197
ANDHRA PRADESH^28|Sri Potti Sriramulu Nellore^28550|Tada^2855005198
ANDHRA PRADESH^28|Y.S.R.^28551|Kondapuram^2855105199
ANDHRA PRADESH^28|Y.S.R.^28551|Mylavaram^2855105200
ANDHRA PRADESH^28|Y.S.R.^28551|Peddamudium^2855105201
ANDHRA PRADESH^28|Y.S.R.^28551|Rajupalem^2855105202
ANDHRA PRADESH^28|Y.S.R.^28551|Duvvur^2855105203
ANDHRA PRADESH^28|Y.S.R.^28551|S.Mydukur^2855105204
ANDHRA PRADESH^28|Y.S.R.^28551|Brahmamgarimattam^2855105205
ANDHRA PRADESH^28|Y.S.R.^28551|Sri Avadhutha Kasinayana^2855105206
ANDHRA PRADESH^28|Y.S.R.^28551|Kalasapadu^2855105207
ANDHRA PRADESH^28|Y.S.R.^28551|Porumamilla^2855105208
ANDHRA PRADESH^28|Y.S.R.^28551|B.Kodur^2855105209
ANDHRA PRADESH^28|Y.S.R.^28551|Badvel^2855105210
ANDHRA PRADESH^28|Y.S.R.^28551|Gopavaram^2855105211
ANDHRA PRADESH^28|Y.S.R.^28551|Khajipet^2855105212
ANDHRA PRADESH^28|Y.S.R.^28551|Chapad^2855105213
ANDHRA PRADESH^28|Y.S.R.^28551|Proddatur^2855105214
ANDHRA PRADESH^28|Y.S.R.^28551|Jammalamadugu^2855105215
ANDHRA PRADESH^28|Y.S.R.^28551|Muddanur^2855105216
ANDHRA PRADESH^28|Y.S.R.^28551|Simhadripuram^2855105217
ANDHRA PRADESH^28|Y.S.R.^28551|Lingala^2855105218
ANDHRA PRADESH^28|Y.S.R.^28551|Pulivendla^2855105219
ANDHRA PRADESH^28|Y.S.R.^28551|Vemula^2855105220
ANDHRA PRADESH^28|Y.S.R.^28551|Thondur^2855105221
ANDHRA PRADESH^28|Y.S.R.^28551|Veerapunayunipalle^2855105222
ANDHRA PRADESH^28|Y.S.R.^28551|Yerraguntla^2855105223
ANDHRA PRADESH^28|Y.S.R.^28551|Kamalapuram^2855105224
ANDHRA PRADESH^28|Y.S.R.^28551|Vallur^2855105225
ANDHRA PRADESH^28|Y.S.R.^28551|Chennur^2855105226
ANDHRA PRADESH^28|Y.S.R.^28551|Atlur^2855105227
ANDHRA PRADESH^28|Y.S.R.^28551|Vontimitta^2855105228
ANDHRA PRADESH^28|Y.S.R.^28551|Sidhout^2855105229
ANDHRA PRADESH^28|Y.S.R.^28551|Kadapa^2855105230
ANDHRA PRADESH^28|Y.S.R.^28551|Chinthakommadinne^2855105231
ANDHRA PRADESH^28|Y.S.R.^28551|Pendlimarri^2855105232
ANDHRA PRADESH^28|Y.S.R.^28551|Vempalle^2855105233
ANDHRA PRADESH^28|Y.S.R.^28551|Chakrayapet^2855105234
ANDHRA PRADESH^28|Y.S.R.^28551|Galiveedu^2855105235
ANDHRA PRADESH^28|Y.S.R.^28551|Chinnamandem^2855105236
ANDHRA PRADESH^28|Y.S.R.^28551|Sambepalle^2855105237
ANDHRA PRADESH^28|Y.S.R.^28551|T Sundupalle^2855105238
ANDHRA PRADESH^28|Y.S.R.^28551|Rayachoti^2855105239
ANDHRA PRADESH^28|Y.S.R.^28551|Lakkireddipalle^2855105240
ANDHRA PRADESH^28|Y.S.R.^28551|Ramapuram^2855105241
ANDHRA PRADESH^28|Y.S.R.^28551|Veeraballe^2855105242
ANDHRA PRADESH^28|Y.S.R.^28551|Nandalur^2855105243
ANDHRA PRADESH^28|Y.S.R.^28551|Penagalur^2855105244
ANDHRA PRADESH^28|Y.S.R.^28551|Chitvel^2855105245
ANDHRA PRADESH^28|Y.S.R.^28551|Rajampet^2855105246
ANDHRA PRADESH^28|Y.S.R.^28551|Pullampeta^2855105247
ANDHRA PRADESH^28|Y.S.R.^28551|Obulavaripalle^2855105248
ANDHRA PRADESH^28|Y.S.R.^28551|Kodur^2855105249
ANDHRA PRADESH^28|Kurnool^28552|Mantralayam^2855205250
ANDHRA PRADESH^28|Kurnool^28552|Kosigi^2855205251
ANDHRA PRADESH^28|Kurnool^28552|Kowthalam^2855205252
ANDHRA PRADESH^28|Kurnool^28552|Pedda Kadubur^2855205253
ANDHRA PRADESH^28|Kurnool^28552|Yemmiganur^2855205254
ANDHRA PRADESH^28|Kurnool^28552|Nandavaram^2855205255
ANDHRA PRADESH^28|Kurnool^28552|C.Belagal^2855205256
ANDHRA PRADESH^28|Kurnool^28552|Gudur^2855205257
ANDHRA PRADESH^28|Kurnool^28552|Kallur^2855205258
ANDHRA PRADESH^28|Kurnool^28552|Kurnool^2855205259
ANDHRA PRADESH^28|Kurnool^28552|Nandikotkur^2855205260
ANDHRA PRADESH^28|Kurnool^28552|Pagidyala^2855205261
ANDHRA PRADESH^28|Kurnool^28552|Jupadu Bungalow^2855205262
ANDHRA PRADESH^28|Kurnool^28552|Kothapalle^2855205263
ANDHRA PRADESH^28|Kurnool^28552|Srisailam^2855205264
ANDHRA PRADESH^28|Kurnool^28552|Atmakur^2855205265
ANDHRA PRADESH^28|Kurnool^28552|Pamulapadu^2855205266
ANDHRA PRADESH^28|Kurnool^28552|Midthur^2855205267
ANDHRA PRADESH^28|Kurnool^28552|Orvakal^2855205268
ANDHRA PRADESH^28|Kurnool^28552|Kodumur^2855205269
ANDHRA PRADESH^28|Kurnool^28552|Gonegandla^2855205270
ANDHRA PRADESH^28|Kurnool^28552|Adoni^2855205271
ANDHRA PRADESH^28|Kurnool^28552|Holagunda^2855205272
ANDHRA PRADESH^28|Kurnool^28552|Halaharvi^2855205273
ANDHRA PRADESH^28|Kurnool^28552|Alur^2855205274
ANDHRA PRADESH^28|Kurnool^28552|Aspari^2855205275
ANDHRA PRADESH^28|Kurnool^28552|Devanakonda^2855205276
ANDHRA PRADESH^28|Kurnool^28552|Krishnagiri^2855205277
ANDHRA PRADESH^28|Kurnool^28552|Veldurthi^2855205278
ANDHRA PRADESH^28|Kurnool^28552|Bethamcherla^2855205279
ANDHRA PRADESH^28|Kurnool^28552|Panyam^2855205280
ANDHRA PRADESH^28|Kurnool^28552|Gadivemula^2855205281
ANDHRA PRADESH^28|Kurnool^28552|Velgode^2855205282
ANDHRA PRADESH^28|Kurnool^28552|Bandi Atmakur^2855205283
ANDHRA PRADESH^28|Kurnool^28552|Nandyal^2855205284
ANDHRA PRADESH^28|Kurnool^28552|Mahanandi^2855205285
ANDHRA PRADESH^28|Kurnool^28552|Sirvel^2855205286
ANDHRA PRADESH^28|Kurnool^28552|Gospadu^2855205287
ANDHRA PRADESH^28|Kurnool^28552|Banaganapalle^2855205288
ANDHRA PRADESH^28|Kurnool^28552|Dhone^2855205289
ANDHRA PRADESH^28|Kurnool^28552|Pattikonda^2855205290
ANDHRA PRADESH^28|Kurnool^28552|Chippagiri^2855205291
ANDHRA PRADESH^28|Kurnool^28552|Maddikera (East)^2855205292
ANDHRA PRADESH^28|Kurnool^28552|Tuggali^2855205293
ANDHRA PRADESH^28|Kurnool^28552|Peapally^2855205294
ANDHRA PRADESH^28|Kurnool^28552|Owk^2855205295
ANDHRA PRADESH^28|Kurnool^28552|Koilkuntla^2855205296
ANDHRA PRADESH^28|Kurnool^28552|Rudravaram^2855205297
ANDHRA PRADESH^28|Kurnool^28552|Allagadda^2855205298
ANDHRA PRADESH^28|Kurnool^28552|Dornipadu^2855205299
ANDHRA PRADESH^28|Kurnool^28552|Sanjamala^2855205300
ANDHRA PRADESH^28|Kurnool^28552|Kolimigundla^2855205301
ANDHRA PRADESH^28|Kurnool^28552|Uyyalawada^2855205302
ANDHRA PRADESH^28|Kurnool^28552|Chagalamarri^2855205303
ANDHRA PRADESH^28|Anantapur^28553|D.Hirehal^2855305304
ANDHRA PRADESH^28|Anantapur^28553|Rayadurg^2855305305
ANDHRA PRADESH^28|Anantapur^28553|Kanekal^2855305306
ANDHRA PRADESH^28|Anantapur^28553|Bommanahal^2855305307
ANDHRA PRADESH^28|Anantapur^28553|Vidapanakal^2855305308
ANDHRA PRADESH^28|Anantapur^28553|Guntakal^2855305309
ANDHRA PRADESH^28|Anantapur^28553|Gooty^2855305310
ANDHRA PRADESH^28|Anantapur^28553|Peddavadugur^2855305311
ANDHRA PRADESH^28|Anantapur^28553|Yadiki^2855305312
ANDHRA PRADESH^28|Anantapur^28553|Tadpatri^2855305313
ANDHRA PRADESH^28|Anantapur^28553|Peddapappur^2855305314
ANDHRA PRADESH^28|Anantapur^28553|Pamidi^2855305315
ANDHRA PRADESH^28|Anantapur^28553|Vajrakarur^2855305316
ANDHRA PRADESH^28|Anantapur^28553|Uravakonda^2855305317
ANDHRA PRADESH^28|Anantapur^28553|Beluguppa^2855305318
ANDHRA PRADESH^28|Anantapur^28553|Gummagatta^2855305319
ANDHRA PRADESH^28|Anantapur^28553|Brahmasamudram^2855305320
ANDHRA PRADESH^28|Anantapur^28553|Kalyandurg^2855305321
ANDHRA PRADESH^28|Anantapur^28553|Atmakur^2855305322
ANDHRA PRADESH^28|Anantapur^28553|Kudair^2855305323
ANDHRA PRADESH^28|Anantapur^28553|Garladinne^2855305324
ANDHRA PRADESH^28|Anantapur^28553|Singanamala^2855305325
ANDHRA PRADESH^28|Anantapur^28553|Putlur^2855305326
ANDHRA PRADESH^28|Anantapur^28553|Yellanur^2855305327
ANDHRA PRADESH^28|Anantapur^28553|Narpala^2855305328
ANDHRA PRADESH^28|Anantapur^28553|Bukkaraya Samudram^2855305329
ANDHRA PRADESH^28|Anantapur^28553|Anantapur^2855305330
ANDHRA PRADESH^28|Anantapur^28553|Raptadu^2855305331
ANDHRA PRADESH^28|Anantapur^28553|Settur^2855305332
ANDHRA PRADESH^28|Anantapur^28553|Kundurpi^2855305333
ANDHRA PRADESH^28|Anantapur^28553|Kambadur^2855305334
ANDHRA PRADESH^28|Anantapur^28553|Kanaganapalle^2855305335
ANDHRA PRADESH^28|Anantapur^28553|Dharmavaram^2855305336
ANDHRA PRADESH^28|Anantapur^28553|Bathalapalle^2855305337
ANDHRA PRADESH^28|Anantapur^28553|Tadimarri^2855305338
ANDHRA PRADESH^28|Anantapur^28553|Mudigubba^2855305339
ANDHRA PRADESH^28|Anantapur^28553|Talupula^2855305340
ANDHRA PRADESH^28|Anantapur^28553|Nambulipulikunta^2855305341
ANDHRA PRADESH^28|Anantapur^28553|Gandlapenta^2855305342
ANDHRA PRADESH^28|Anantapur^28553|Kadiri^2855305343
ANDHRA PRADESH^28|Anantapur^28553|Nallamada^2855305344
ANDHRA PRADESH^28|Anantapur^28553|Bukkapatnam^2855305345
ANDHRA PRADESH^28|Anantapur^28553|Kothacheruvu^2855305346
ANDHRA PRADESH^28|Anantapur^28553|Chennekothapalle^2855305347
ANDHRA PRADESH^28|Anantapur^28553|Ramagiri^2855305348
ANDHRA PRADESH^28|Anantapur^28553|Roddam^2855305349
ANDHRA PRADESH^28|Anantapur^28553|Madakasira^2855305350
ANDHRA PRADESH^28|Anantapur^28553|Amarapuram^2855305351
ANDHRA PRADESH^28|Anantapur^28553|Gudibanda^2855305352
ANDHRA PRADESH^28|Anantapur^28553|Rolla^2855305353
ANDHRA PRADESH^28|Anantapur^28553|Agali^2855305354
ANDHRA PRADESH^28|Anantapur^28553|Parigi^2855305355
ANDHRA PRADESH^28|Anantapur^28553|Penukonda^2855305356
ANDHRA PRADESH^28|Anantapur^28553|Puttaparthi^2855305357
ANDHRA PRADESH^28|Anantapur^28553|Obuladevaracheruvu^2855305358
ANDHRA PRADESH^28|Anantapur^28553|Nallacheruvu^2855305359
ANDHRA PRADESH^28|Anantapur^28553|Tanakal^2855305360
ANDHRA PRADESH^28|Anantapur^28553|Amadagur^2855305361
ANDHRA PRADESH^28|Anantapur^28553|Gorantla^2855305362
ANDHRA PRADESH^28|Anantapur^28553|Somandepalle^2855305363
ANDHRA PRADESH^28|Anantapur^28553|Hindupur^2855305364
ANDHRA PRADESH^28|Anantapur^28553|Lepakshi^2855305365
ANDHRA PRADESH^28|Anantapur^28553|Chilamathur^2855305366
ANDHRA PRADESH^28|Chittoor^28554|Mulakalacheruvu^2855405367
ANDHRA PRADESH^28|Chittoor^28554|Thamballapalle^2855405368
ANDHRA PRADESH^28|Chittoor^28554|Peddamandyam^2855405369
ANDHRA PRADESH^28|Chittoor^28554|Gurramkonda^2855405370
ANDHRA PRADESH^28|Chittoor^28554|Kalakada^2855405371
ANDHRA PRADESH^28|Chittoor^28554|Kambhamvaripalle^2855405372
ANDHRA PRADESH^28|Chittoor^28554|Rompicherla^2855405373
ANDHRA PRADESH^28|Chittoor^28554|Yerravaripalem^2855405374
ANDHRA PRADESH^28|Chittoor^28554|Tirupati (Rural)^2855405375
ANDHRA PRADESH^28|Chittoor^28554|Renigunta^2855405376
ANDHRA PRADESH^28|Chittoor^28554|Yerpedu^2855405377
ANDHRA PRADESH^28|Chittoor^28554|Srikalahasti^2855405378
ANDHRA PRADESH^28|Chittoor^28554|Thottambedu^2855405379
ANDHRA PRADESH^28|Chittoor^28554|Buchinaidu Kandriga^2855405380
ANDHRA PRADESH^28|Chittoor^28554|Varadaiahpalem^2855405381
ANDHRA PRADESH^28|Chittoor^28554|K.V.B.Puram^2855405382
ANDHRA PRADESH^28|Chittoor^28554|Tirupati (Urban)^2855405383
ANDHRA PRADESH^28|Chittoor^28554|Chandragiri^2855405384
ANDHRA PRADESH^28|Chittoor^28554|Chinnagottigallu^2855405385
ANDHRA PRADESH^28|Chittoor^28554|Pileru^2855405386
ANDHRA PRADESH^28|Chittoor^28554|Kalikiri^2855405387
ANDHRA PRADESH^28|Chittoor^28554|Valmikipuram^2855405388
ANDHRA PRADESH^28|Chittoor^28554|Kurabalakota^2855405389
ANDHRA PRADESH^28|Chittoor^28554|Pedda Thippasamudram^2855405390
ANDHRA PRADESH^28|Chittoor^28554|B.Kothakota^2855405391
ANDHRA PRADESH^28|Chittoor^28554|Madanapalle^2855405392
ANDHRA PRADESH^28|Chittoor^28554|Nimmanapalle^2855405393
ANDHRA PRADESH^28|Chittoor^28554|Sodam^2855405394
ANDHRA PRADESH^28|Chittoor^28554|Pulicherla^2855405395
ANDHRA PRADESH^28|Chittoor^28554|Pakala^2855405396
ANDHRA PRADESH^28|Chittoor^28554|Vedurukuppam^2855405397
ANDHRA PRADESH^28|Chittoor^28554|Ramachandrapuram^2855405398
ANDHRA PRADESH^28|Chittoor^28554|Vadamalapeta^2855405399
ANDHRA PRADESH^28|Chittoor^28554|Narayanavanam^2855405400
ANDHRA PRADESH^28|Chittoor^28554|Pichatur^2855405401
ANDHRA PRADESH^28|Chittoor^28554|Satyavedu^2855405402
ANDHRA PRADESH^28|Chittoor^28554|Nagalapuram^2855405403
ANDHRA PRADESH^28|Chittoor^28554|Nindra^2855405404
ANDHRA PRADESH^28|Chittoor^28554|Vijayapuram^2855405405
ANDHRA PRADESH^28|Chittoor^28554|Nagari^2855405406
ANDHRA PRADESH^28|Chittoor^28554|Puttur^2855405407
ANDHRA PRADESH^28|Chittoor^28554|Karvetinagar^2855405408
ANDHRA PRADESH^28|Chittoor^28554|Penumuru^2855405409
ANDHRA PRADESH^28|Chittoor^28554|Puthalapattu^2855405410
ANDHRA PRADESH^28|Chittoor^28554|Irala^2855405411
ANDHRA PRADESH^28|Chittoor^28554|Somala^2855405412
ANDHRA PRADESH^28|Chittoor^28554|Chowdepalle^2855405413
ANDHRA PRADESH^28|Chittoor^28554|Ramasamudram^2855405414
ANDHRA PRADESH^28|Chittoor^28554|Punganur^2855405415
ANDHRA PRADESH^28|Chittoor^28554|Peddapanjani^2855405416
ANDHRA PRADESH^28|Chittoor^28554|Gangavaram^2855405417
ANDHRA PRADESH^28|Chittoor^28554|Thavanampalle^2855405418
ANDHRA PRADESH^28|Chittoor^28554|Srirangarajapuram^2855405419
ANDHRA PRADESH^28|Chittoor^28554|Gangadhara Nellore^2855405420
ANDHRA PRADESH^28|Chittoor^28554|Chittoor^2855405421
ANDHRA PRADESH^28|Chittoor^28554|Palamaner^2855405422
ANDHRA PRADESH^28|Chittoor^28554|Baireddipalle^2855405423
ANDHRA PRADESH^28|Chittoor^28554|Venkatagirikota^2855405424
ANDHRA PRADESH^28|Chittoor^28554|Santhipuram^2855405425
ANDHRA PRADESH^28|Chittoor^28554|Gudupalle^2855405426
ANDHRA PRADESH^28|Chittoor^28554|Kuppam^2855405427
ANDHRA PRADESH^28|Chittoor^28554|Ramakuppam^2855405428
ANDHRA PRADESH^28|Chittoor^28554|Bangarupalem^2855405429
ANDHRA PRADESH^28|Chittoor^28554|Yadamarri^2855405430
ANDHRA PRADESH^28|Chittoor^28554|Gudipala^2855405431
ANDHRA PRADESH^28|Chittoor^28554|Palasamudram^2855405432
